comments,description,duration,event,film_date,languages,main_speaker,name,num_speaker,published_date,ratings,related_talks,speaker_occupation,tags,title,views,location,lat,lon
117,"Wingsuit jumping is the leading edge of extreme sports -- an exhilarating feat of almost unbelievable daring, where skydivers soar through canyons at over 100MPH. Ueli Gegenschatz talks about how (and why) he does it, and shows jawdropping film.",733,TED2009,1233878400,25,Ueli Gegenschatz,Ueli Gegenschatz: Extreme wingsuit flying,1,1238547600,"[{'id': 3, 'name': 'Courageous', 'count': 354}, {'id': 23, 'name': 'Jaw-dropping', 'count': 484}, {'id': 1, 'name': 'Beautiful', 'count': 257}, {'id': 22, 'name': 'Fascinating', 'count': 233}, {'id': 10, 'name': 'Inspiring', 'count': 214}, {'id': 7, 'name': 'Funny', 'count': 47}, {'id': 9, 'name': 'Ingenious', 'count': 32}, {'id': 24, 'name': 'Persuasive', 'count': 13}, {'id': 8, 'name': 'Informative', 'count': 24}, {'id': 25, 'name': 'OK', 'count': 36}, {'id': 21, 'name': 'Unconvincing', 'count': 9}, {'id': 11, 'name': 'Longwinded', 'count': 7}, {'id': 26, 'name': 'Obnoxious', 'count': 15}, {'id': 2, 'name': 'Confusing', 'count': 5}]","[{'id': 89, 'hero': 'https://pe.tedcdn.com/images/ted/172_480x360.jpg', 'speaker': 'Ben Saunders', 'title': 'Why did I ski to the North Pole?', 'duration': 1083, 'slug': 'ben_saunders_skis_to_the_north_pole', 'viewed_count': 745235}, {'id': 176, 'hero': 'https://pe.tedcdn.com/images/ted/0c046588ba1c2e2ed0a00ce494173e41fd00bc96_800x600.jpg', 'speaker': 'Paul MacCready', 'title': 'A flight on solar wings', 'duration': 1280, 'slug': 'paul_maccready_flies_on_solar_wings', 'viewed_count': 736291}, {'id': 499, 'hero': 'https://pe.tedcdn.com/images/ted/80325_800x600.jpg', 'speaker': 'Nathan Wolfe', 'title': 'The jungle search for viruses', 'duration': 735, 'slug': 'nathan_wolfe_hunts_for_the_next_aids', 'viewed_count': 1045631}, {'id': 627, 'hero': 'https://pe.tedcdn.com/images/ted/111233_800x600.jpg', 'speaker': 'Steve Truglia', 'title': 'A leap from the edge of space', 'duration': 870, 'slug': 'steve_truglia_a_leap_from_the_edge_of_space', 'viewed_count': 571893}, {'id': 2259, 'hero': 'https://pe.tedcdn.com/images/ted/ebe2c7f82a8d3e60128f725c74a24c071366bd6c_2880x1620.jpg', 'speaker': 'Alan Eustace', 'title': ""I leapt from the stratosphere. Here's how I did it"", 'duration': 868, 'slug': 'alan_eustace_i_leapt_from_the_stratosphere_here_s_how_i_did_it', 'viewed_count': 1437102}, {'id': 1271, 'hero': 'https://pe.tedcdn.com/images/ted/fc1271e740516dd457787fd2e970bfc3969de735_2880x1620.jpg', 'speaker': 'Yves Rossy', 'title': 'Fly with the Jetman', 'duration': 888, 'slug': 'yves_rossy_fly_with_the_jetman', 'viewed_count': 7900885}]",Aerialist,"['adventure', 'design', 'entertainment', 'exploration', 'extreme sports', 'flight', 'invention', 'sports', 'technology']",Extreme wingsuit flying,1442990,"Long Beach, California",33.78538945,-118.1580493
18,"In this low-key, image-packed talk from 2002, designer Christopher C. Deam talks about his makeover of an American classic: the Airstream travel trailer.",381,TED2002,1012608000,20,Christopher C. Deam,"Christopher C. Deam: The Airstream, restyled",1,1238634000,"[{'id': 11, 'name': 'Longwinded', 'count': 12}, {'id': 21, 'name': 'Unconvincing', 'count': 23}, {'id': 25, 'name': 'OK', 'count': 44}, {'id': 1, 'name': 'Beautiful', 'count': 44}, {'id': 8, 'name': 'Informative', 'count': 48}, {'id': 22, 'name': 'Fascinating', 'count': 15}, {'id': 9, 'name': 'Ingenious', 'count': 43}, {'id': 26, 'name': 'Obnoxious', 'count': 6}, {'id': 10, 'name': 'Inspiring', 'count': 22}, {'id': 24, 'name': 'Persuasive', 'count': 5}, {'id': 7, 'name': 'Funny', 'count': 2}, {'id': 3, 'name': 'Courageous', 'count': 4}, {'id': 23, 'name': 'Jaw-dropping', 'count': 1}, {'id': 2, 'name': 'Confusing', 'count': 0}]","[{'id': 436, 'hero': 'https://pe.tedcdn.com/images/ted/66438_800x600.jpg', 'speaker': 'David Carson', 'title': 'Design and discovery', 'duration': 1359, 'slug': 'david_carson_on_design', 'viewed_count': 774492}, {'id': 385, 'hero': 'https://pe.tedcdn.com/images/ted/186_480x360.jpg', 'speaker': 'Zach Kaplan + Keith Schacht', 'title': 'Toys and materials from the future', 'duration': 946, 'slug': 'toys_from_the_future', 'viewed_count': 411647}, {'id': 5, 'hero': 'https://pe.tedcdn.com/images/ted/3555871b7fda2769faa81b0be33ba429c4f588a0_2880x1620.jpg', 'speaker': 'Chris Bangle', 'title': 'Great cars are great art', 'duration': 1204, 'slug': 'chris_bangle_says_great_cars_are_art', 'viewed_count': 867498}, {'id': 2198, 'hero': 'https://pe.tedcdn.com/images/ted/9cc7add8c7fd14041e7ace4562208cd65e1719dd_2880x1620.jpg', 'speaker': 'James A. White Sr.', 'title': 'The little problem I had renting a house', 'duration': 833, 'slug': 'james_a_white_sr_the_little_problem_i_had_renting_a_house', 'viewed_count': 1237913}, {'id': 27, 'hero': 'https://pe.tedcdn.com/images/ted/fc59fdf3b9364bf5de442e9ab1d6b7ae9b11c6e2_1600x1200.jpg', 'speaker': 'Ross Lovegrove', 'title': 'Organic design, inspired by nature', 'duration': 1170, 'slug': 'ross_lovegrove_shares_organic_designs', 'viewed_count': 1074089}, {'id': 402, 'hero': 'https://pe.tedcdn.com/images/ted/59184_800x600.jpg', 'speaker': 'Stewart Brand', 'title': 'The Long Now', 'duration': 1403, 'slug': 'stewart_brand_on_the_long_now', 'viewed_count': 242975}]",Designer,"['creativity', 'design', 'exploration', 'materials', 'transportation']","The Airstream, restyled",308276,"Monterey, California",36.600256,-121.8946388
294,"In this powerful talk, P.W. Singer shows how the widespread use of robots in war is changing the realities of combat. He shows us scenarios straight out of science fiction -- that now may not be so fictitious.",965,TED2009,1233705600,27,P.W. Singer,P.W. Singer: Military robots and the future of war,1,1238720400,"[{'id': 23, 'name': 'Jaw-dropping', 'count': 208}, {'id': 22, 'name': 'Fascinating', 'count': 360}, {'id': 24, 'name': 'Persuasive', 'count': 277}, {'id': 8, 'name': 'Informative', 'count': 518}, {'id': 25, 'name': 'OK', 'count': 113}, {'id': 3, 'name': 'Courageous', 'count': 99}, {'id': 10, 'name': 'Inspiring', 'count': 95}, {'id': 1, 'name': 'Beautiful', 'count': 27}, {'id': 21, 'name': 'Unconvincing', 'count': 95}, {'id': 2, 'name': 'Confusing', 'count': 37}, {'id': 26, 'name': 'Obnoxious', 'count': 88}, {'id': 11, 'name': 'Longwinded', 'count': 61}, {'id': 9, 'name': 'Ingenious', 'count': 44}, {'id': 7, 'name': 'Funny', 'count': 8}]","[{'id': 33, 'hero': 'https://pe.tedcdn.com/images/ted/199_480x360.jpg', 'speaker': 'Thomas Barnett', 'title': ""Let's rethink America's military strategy"", 'duration': 1402, 'slug': 'thomas_barnett_draws_a_new_map_for_peace', 'viewed_count': 1136050}, {'id': 171, 'hero': 'https://pe.tedcdn.com/images/ted/16307_480x360.jpg', 'speaker': 'Deborah Scranton', 'title': 'An Iraq war movie crowd-sourced from soldiers', 'duration': 1056, 'slug': 'deborah_scranton_on_her_war_tapes', 'viewed_count': 507997}, {'id': 355, 'hero': 'https://pe.tedcdn.com/images/ted/6e961b846dce5acc40f38bbb3bd89f17fe6613dd_1200x900.jpg', 'speaker': 'Rodney Brooks', 'title': 'Robots will invade our lives', 'duration': 1127, 'slug': 'rodney_brooks_on_robots', 'viewed_count': 602024}, {'id': 1766, 'hero': 'https://pe.tedcdn.com/images/ted/b15f33c6694783ada082bb6afc53b762cd014d2f_1600x1200.jpg', 'speaker': 'Daniel Suarez', 'title': ""The kill decision shouldn't belong to a robot"", 'duration': 800, 'slug': 'daniel_suarez_the_kill_decision_shouldn_t_belong_to_a_robot', 'viewed_count': 1908568}, {'id': 1999, 'hero': 'https://pe.tedcdn.com/images/ted/7378f62566fda3193f693a7fc150a2b82101a6ce_1600x1200.jpg', 'speaker': 'Sebastian Junger', 'title': 'Why veterans miss war', 'duration': 788, 'slug': 'sebastian_junger_why_veterans_miss_war', 'viewed_count': 2375389}, {'id': 1875, 'hero': 'https://pe.tedcdn.com/images/ted/606ddad42a977bc81fcc3f2ba033bc4706e584ca_1600x1200.jpg', 'speaker': 'Henry Evans and Chad Jenkins', 'title': 'Meet the robots for humanity', 'duration': 621, 'slug': 'henry_evans_and_chad_jenkins_meet_the_robots_for_humanity', 'viewed_count': 1203515}]",Military analyst,"['design', 'drones', 'future', 'global issues', 'robots', 'technology', 'violence', 'war']",Military robots and the future of war,1460352,"Long Beach, California",33.78538945,-118.1580493
23,"Nathaniel Kahn shares clips from his documentary ""My Architect,"" about his quest to understand his father, the legendary architect Louis Kahn. It's a film with meaning to anyone who seeks to understand the relationship between art and love.",627,TED2002,1012608000,27,Nathaniel Kahn,"Nathaniel Kahn: Scenes from ""My Architect""",1,1239005340,"[{'id': 1, 'name': 'Beautiful', 'count': 103}, {'id': 8, 'name': 'Informative', 'count': 21}, {'id': 25, 'name': 'OK', 'count': 27}, {'id': 3, 'name': 'Courageous', 'count': 34}, {'id': 10, 'name': 'Inspiring', 'count': 98}, {'id': 11, 'name': 'Longwinded', 'count': 12}, {'id': 22, 'name': 'Fascinating', 'count': 44}, {'id': 24, 'name': 'Persuasive', 'count': 12}, {'id': 23, 'name': 'Jaw-dropping', 'count': 8}, {'id': 21, 'name': 'Unconvincing', 'count': 8}, {'id': 9, 'name': 'Ingenious', 'count': 7}, {'id': 26, 'name': 'Obnoxious', 'count': 5}, {'id': 7, 'name': 'Funny', 'count': 3}, {'id': 2, 'name': 'Confusing', 'count': 0}]","[{'id': 219, 'hero': 'https://pe.tedcdn.com/images/ted/30899_480x360.jpg', 'speaker': 'Moshe Safdie', 'title': 'Building uniqueness', 'duration': 1066, 'slug': 'moshe_safdie_on_building_uniqueness', 'viewed_count': 545666}, {'id': 221, 'hero': 'https://pe.tedcdn.com/images/ted/30129_480x360.jpg', 'speaker': 'George Dyson', 'title': 'The story of Project Orion', 'duration': 518, 'slug': 'george_dyson_on_project_orion', 'viewed_count': 785874}, {'id': 231, 'hero': 'https://pe.tedcdn.com/images/ted/33968_480x360.jpg', 'speaker': 'Frank Gehry', 'title': 'My days as a young rebel', 'duration': 2678, 'slug': 'frank_gehry_as_a_young_rebel', 'viewed_count': 620807}, {'id': 55, 'hero': 'https://pe.tedcdn.com/images/ted/216_480x360.jpg', 'speaker': 'Jehane Noujaim', 'title': 'My wish: A global day of film', 'duration': 1538, 'slug': 'jehane_noujaim_inspires_a_global_day_of_film', 'viewed_count': 387882}, {'id': 282, 'hero': 'https://pe.tedcdn.com/images/ted/47394_480x360.jpg', 'speaker': 'David Hoffman', 'title': 'What happens when you lose everything', 'duration': 240, 'slug': 'david_hoffman_on_losing_everything', 'viewed_count': 920945}, {'id': 1476, 'hero': 'https://pe.tedcdn.com/images/ted/bac8839a33809f55c6cc82eae08128bccacbb6b5_1600x1200.jpg', 'speaker': 'Beeban Kidron', 'title': 'The shared wonder of film', 'duration': 792, 'slug': 'beeban_kidron_the_shared_wonder_of_film', 'viewed_count': 765759}]",Filmmaker,"['architecture', 'children', 'design', 'entertainment', 'film', 'storytelling']","Scenes from ""My Architect""",338831,"Monterey, California",36.600256,-121.8946388
252,"Bruce Bueno de Mesquita uses mathematical analysis to predict (very often correctly) such messy human events as war, political power shifts, Intifada ... After a crisp explanation of how he does it, he offers three predictions on the future of Iran.",1145,TED2009,1233964800,21,Bruce Bueno de Mesquita,Bruce Bueno de Mesquita: A prediction for the future of Iran,1,1239066000,"[{'id': 3, 'name': 'Courageous', 'count': 57}, {'id': 9, 'name': 'Ingenious', 'count': 151}, {'id': 22, 'name': 'Fascinating', 'count': 211}, {'id': 21, 'name': 'Unconvincing', 'count': 209}, {'id': 24, 'name': 'Persuasive', 'count': 168}, {'id': 8, 'name': 'Informative', 'count': 279}, {'id': 2, 'name': 'Confusing', 'count': 49}, {'id': 11, 'name': 'Longwinded', 'count': 72}, {'id': 25, 'name': 'OK', 'count': 109}, {'id': 26, 'name': 'Obnoxious', 'count': 85}, {'id': 23, 'name': 'Jaw-dropping', 'count': 54}, {'id': 10, 'name': 'Inspiring', 'count': 67}, {'id': 1, 'name': 'Beautiful', 'count': 38}, {'id': 7, 'name': 'Funny', 'count': 0}]","[{'id': 33, 'hero': 'https://pe.tedcdn.com/images/ted/199_480x360.jpg', 'speaker': 'Thomas Barnett', 'title': ""Let's rethink America's military strategy"", 'duration': 1402, 'slug': 'thomas_barnett_draws_a_new_map_for_peace', 'viewed_count': 1136050}, {'id': 358, 'hero': 'https://pe.tedcdn.com/images/ted/55011_480x360.jpg', 'speaker': 'Noah Feldman', 'title': 'Politics and religion are technologies', 'duration': 907, 'slug': 'noah_feldman_says_politics_and_religion_are_technologies', 'viewed_count': 385648}, {'id': 177, 'hero': 'https://pe.tedcdn.com/images/ted/20741_480x360.jpg', 'speaker': 'Larry Brilliant', 'title': 'The case for optimism', 'duration': 1261, 'slug': 'larry_brilliant_makes_the_case_for_optimism', 'viewed_count': 418235}, {'id': 1839, 'hero': 'https://pe.tedcdn.com/images/ted/4d7bd3902c70dbd83030efbd9e6ec34f8aac0761_1600x1200.jpg', 'speaker': 'Trita Parsi', 'title': 'Iran and Israel: Peace is possible', 'duration': 645, 'slug': 'trita_parsi_iran_and_israel_peace_is_possible', 'viewed_count': 740763}, {'id': 1364, 'hero': 'https://pe.tedcdn.com/images/ted/0ce08679141b71a982a05ba162e87a834deabd7f_800x600.jpg', 'speaker': 'Neil MacGregor', 'title': '2600 years of history in one object', 'duration': 1177, 'slug': 'neil_macgregor_2600_years_of_history_in_one_object', 'viewed_count': 983987}, {'id': 1636, 'hero': 'https://pe.tedcdn.com/images/ted/1cd8ab3b6e94be6d86ee94b2fa52c271abd140a9_1600x1200.jpg', 'speaker': 'Ronny Edry', 'title': 'Israel and Iran: A love story?', 'duration': 897, 'slug': 'israel_and_iran_a_love_story', 'viewed_count': 2033791}]",Political scientist,"['global issues', 'math', 'prediction', 'technology', 'war']",A prediction for the future of Iran,744448,"Long Beach, California",33.78538945,-118.1580493
420,"Bonnie Bassler discovered that bacteria ""talk"" to each other, using a chemical language that lets them coordinate defense and mount attacks. The find has stunning implications for medicine, industry -- and our understanding of ourselves.",1094,TED2009,1233878400,39,Bonnie Bassler,"Bonnie Bassler: How bacteria ""talk""",1,1239152400,"[{'id': 22, 'name': 'Fascinating', 'count': 2710}, {'id': 8, 'name': 'Informative', 'count': 1690}, {'id': 1, 'name': 'Beautiful', 'count': 291}, {'id': 23, 'name': 'Jaw-dropping', 'count': 1071}, {'id': 10, 'name': 'Inspiring', 'count': 924}, {'id': 24, 'name': 'Persuasive', 'count': 397}, {'id': 9, 'name': 'Ingenious', 'count': 802}, {'id': 3, 'name': 'Courageous', 'count': 55}, {'id': 7, 'name': 'Funny', 'count': 169}, {'id': 11, 'name': 'Longwinded', 'count': 34}, {'id': 25, 'name': 'OK', 'count': 85}, {'id': 2, 'name': 'Confusing', 'count': 18}, {'id': 21, 'name': 'Unconvincing', 'count': 18}, {'id': 26, 'name': 'Obnoxious', 'count': 36}]","[{'id': 519, 'hero': 'https://pe.tedcdn.com/images/ted/a6e43646ffe7b9099266bd6ff8210e8534135124_2880x1620.jpg', 'speaker': 'Margaret Wertheim', 'title': 'The beautiful math of coral', 'duration': 933, 'slug': 'margaret_wertheim_crochets_the_coral_reef', 'viewed_count': 1280829}, {'id': 499, 'hero': 'https://pe.tedcdn.com/images/ted/80325_800x600.jpg', 'speaker': 'Nathan Wolfe', 'title': 'The jungle search for viruses', 'duration': 735, 'slug': 'nathan_wolfe_hunts_for_the_next_aids', 'viewed_count': 1045631}, {'id': 259, 'hero': 'https://pe.tedcdn.com/images/ted/40964_480x360.jpg', 'speaker': 'Paul Ewald', 'title': 'Can we domesticate germs?', 'duration': 1071, 'slug': 'paul_ewald_asks_can_we_domesticate_germs', 'viewed_count': 442625}, {'id': 594, 'hero': 'https://pe.tedcdn.com/images/ted/9faa271f994e4928e673ccff499924bfe3e7083c_2880x1620.jpg', 'speaker': 'Kary Mullis', 'title': 'A next-gen cure for killer infections', 'duration': 275, 'slug': 'kary_mullis_next_gen_cure_for_killer_infections', 'viewed_count': 624544}, {'id': 2245, 'hero': 'https://pe.tedcdn.com/images/ted/fe249c0d349f50d028ccba2bc328d317ec70fc39_2880x1620.jpg', 'speaker': 'Tal Danino', 'title': 'Programming bacteria to detect cancer (and maybe treat it)', 'duration': 251, 'slug': 'tal_danino_we_can_use_bacteria_to_detect_cancer_and_maybe_treat_it', 'viewed_count': 1225709}, {'id': 1655, 'hero': 'https://pe.tedcdn.com/images/ted/811cd11327696f4b8a124e4b75fa9aa780a20248_1600x1200.jpg', 'speaker': 'Tyler DeWitt', 'title': 'Hey science teachers -- make it fun', 'duration': 680, 'slug': 'tyler_dewitt_hey_science_teachers_make_it_fun', 'viewed_count': 1489400}]",Molecular biologist,"['MacArthur grant', 'bacteria', 'biology', 'communication', 'disease', 'evolution', 'health', 'human origins', 'microbiology', 'science']","How bacteria ""talk""",2192828,"Long Beach, California",33.78538945,-118.1580493
147,"Philosopher-comedian Emily Levine talks (hilariously) about science, math, society and the way everything connects. She's a brilliant trickster, poking holes in our fixed ideas and bringing hidden truths to light. Settle in and let her ping your brain.",1372,TED2002,1012608000,24,Emily Levine,Emily Levine: A theory of everything,1,1239238800,"[{'id': 7, 'name': 'Funny', 'count': 1132}, {'id': 9, 'name': 'Ingenious', 'count': 306}, {'id': 10, 'name': 'Inspiring', 'count': 216}, {'id': 22, 'name': 'Fascinating', 'count': 216}, {'id': 2, 'name': 'Confusing', 'count': 77}, {'id': 25, 'name': 'OK', 'count': 145}, {'id': 1, 'name': 'Beautiful', 'count': 95}, {'id': 11, 'name': 'Longwinded', 'count': 115}, {'id': 3, 'name': 'Courageous', 'count': 87}, {'id': 26, 'name': 'Obnoxious', 'count': 91}, {'id': 21, 'name': 'Unconvincing', 'count': 63}, {'id': 8, 'name': 'Informative', 'count': 82}, {'id': 24, 'name': 'Persuasive', 'count': 64}, {'id': 23, 'name': 'Jaw-dropping', 'count': 33}]","[{'id': 2769, 'hero': 'https://pe.tedcdn.com/images/ted/cbd0f0b2e7d46c31e538cfe40f7b0a1c0c2a887e_2880x1620.jpg', 'speaker': 'Deborah Lipstadt', 'title': 'Behind the lies of Holocaust denial', 'duration': 930, 'slug': 'deborah_lipstadt_behind_the_lies_of_holocaust_denial', 'viewed_count': 917854}, {'id': 374, 'hero': 'https://pe.tedcdn.com/images/ted/078a7ecb2d3088979fc2e0e09a51572e372b28c7_2880x1620.jpg', 'speaker': 'John Hodgman', 'title': 'Aliens, love -- where are they?', 'duration': 1000, 'slug': 'john_hodgman_s_brief_digression', 'viewed_count': 1935215}, {'id': 527, 'hero': 'https://pe.tedcdn.com/images/ted/f48fcf2591f6ecc734eec21a851b4e3e71e7fd42_1600x1200.jpg', 'speaker': 'Sarah Jones', 'title': 'A one-woman global village', 'duration': 1260, 'slug': 'sarah_jones_as_a_one_woman_global_village', 'viewed_count': 1607397}, {'id': 2770, 'hero': 'https://pe.tedcdn.com/images/ted/ea594390cecc864357ebd75866ab69a68ea141f9_2880x1620.jpg', 'speaker': 'Serena Williams and Gayle King', 'title': 'On tennis, love and motherhood', 'duration': 1108, 'slug': 'serena_williams_gayle_king_on_tennis_love_and_motherhood', 'viewed_count': 1425541}, {'id': 2801, 'hero': 'https://pe.tedcdn.com/images/ted/ee78ab38fb4f23e29fbae7dfd3e89de2082ccaf7_2880x1620.jpg', 'speaker': 'Anne Lamott', 'title': '12 truths I learned from life and writing', 'duration': 955, 'slug': 'anne_lamott_12_truths_i_learned_from_life_and_writing', 'viewed_count': 1888914}, {'id': 1089, 'hero': 'https://pe.tedcdn.com/images/ted/7f7c62759f5e1fe06b58a2c2926626b1303efa63_2880x1620.jpg', 'speaker': 'Courtney E. Martin', 'title': ""This isn't her mother's feminism"", 'duration': 686, 'slug': 'courtney_martin_reinventing_feminism', 'viewed_count': 953662}]",Philosopher-comic,"['cognitive science', 'comedy', 'entertainment', 'humor', 'philosophy', 'science', 'technology']",A theory of everything,2049904,"Monterey, California",36.600256,-121.8946388
92,"In this funny (and actually poignant) 3-minute talk, social strategist Renny Gleeson breaks down our always-on social world -- where the experience we're having right now is less interesting than what we'll tweet about it later.",226,TED2009,1233878400,40,Renny Gleeson,Renny Gleeson: Our antisocial phone tricks,1,1239353220,"[{'id': 10, 'name': 'Inspiring', 'count': 290}, {'id': 25, 'name': 'OK', 'count': 205}, {'id': 24, 'name': 'Persuasive', 'count': 386}, {'id': 7, 'name': 'Funny', 'count': 526}, {'id': 9, 'name': 'Ingenious', 'count': 74}, {'id': 3, 'name': 'Courageous', 'count': 60}, {'id': 21, 'name': 'Unconvincing', 'count': 94}, {'id': 26, 'name': 'Obnoxious', 'count': 29}, {'id': 22, 'name': 'Fascinating', 'count': 85}, {'id': 1, 'name': 'Beautiful', 'count': 34}, {'id': 8, 'name': 'Informative', 'count': 159}, {'id': 11, 'name': 'Longwinded', 'count': 19}, {'id': 23, 'name': 'Jaw-dropping', 'count': 14}, {'id': 2, 'name': 'Confusing', 'count': 16}]","[{'id': 87, 'hero': 'https://pe.tedcdn.com/images/ted/f640064c612bf2b53369e0c7b81554a904ed5a93_2880x1620.jpg', 'speaker': 'Ze Frank', 'title': 'Nerdcore comedy', 'duration': 1136, 'slug': 'ze_frank_s_nerdcore_comedy', 'viewed_count': 6141455}, {'id': 1518, 'hero': 'https://pe.tedcdn.com/images/ted/799e571b67577185b1896308767f4670c8494cfd_1600x1200.jpg', 'speaker': 'Malte Spitz', 'title': 'Your phone company is watching', 'duration': 596, 'slug': 'malte_spitz_your_phone_company_is_watching', 'viewed_count': 1618859}, {'id': 1409, 'hero': 'https://pe.tedcdn.com/images/ted/6b9f1d8df425700e9c847f0c3574b599bb0208d5_800x600.jpg', 'speaker': 'Sherry Turkle', 'title': 'Connected, but alone?', 'duration': 1188, 'slug': 'sherry_turkle_alone_together', 'viewed_count': 4066253}, {'id': 190, 'hero': 'https://pe.tedcdn.com/images/ted/18531_480x360.jpg', 'speaker': 'Jan Chipchase', 'title': 'The anthropology of mobile phones', 'duration': 963, 'slug': 'jan_chipchase_on_our_mobile_phones', 'viewed_count': 694385}, {'id': 1361, 'hero': 'https://pe.tedcdn.com/images/ted/b21e8c66c48b2c6c1380978b9dd1f368ada8410a_1600x1200.jpg', 'speaker': 'Paul Conneally', 'title': 'How mobile phones power disaster relief', 'duration': 657, 'slug': 'paul_conneally_digital_humanitarianism', 'viewed_count': 347640}, {'id': 964, 'hero': 'https://pe.tedcdn.com/images/ted/201253_800x600.jpg', 'speaker': 'Fabian Hemmert', 'title': 'The shape-shifting future of the mobile phone', 'duration': 255, 'slug': 'fabian_hemmert_the_shape_shifting_future_of_the_mobile_phone', 'viewed_count': 875818}]",Skeptimist,"['communication', 'social media', 'society', 'telecom']",Our antisocial phone tricks,1217412,"Long Beach, California",33.78538945,-118.1580493
389,"Forget about the hybrid auto -- Shai Agassi says it's electric cars or bust if we want to impact emissions. His company, Better Place, has a radical plan to take entire countries oil-free by 2020.",1086,TED2009,1233792000,25,Shai Agassi,Shai Agassi: A new ecosystem for electric cars,1,1239584400,"[{'id': 21, 'name': 'Unconvincing', 'count': 82}, {'id': 23, 'name': 'Jaw-dropping', 'count': 315}, {'id': 10, 'name': 'Inspiring', 'count': 868}, {'id': 24, 'name': 'Persuasive', 'count': 869}, {'id': 9, 'name': 'Ingenious', 'count': 451}, {'id': 3, 'name': 'Courageous', 'count': 276}, {'id': 8, 'name': 'Informative', 'count': 403}, {'id': 1, 'name': 'Beautiful', 'count': 45}, {'id': 22, 'name': 'Fascinating', 'count': 360}, {'id': 11, 'name': 'Longwinded', 'count': 36}, {'id': 25, 'name': 'OK', 'count': 52}, {'id': 26, 'name': 'Obnoxious', 'count': 14}, {'id': 2, 'name': 'Confusing', 'count': 23}, {'id': 7, 'name': 'Funny', 'count': 25}]","[{'id': 492, 'hero': 'https://pe.tedcdn.com/images/ted/79015_800x600.jpg', 'speaker': 'Saul Griffith', 'title': 'High-altitude wind energy from kites!', 'duration': 325, 'slug': 'saul_griffith_on_kites_as_the_future_of_renewable_energy', 'viewed_count': 630431}, {'id': 1, 'hero': 'https://pe.tedcdn.com/images/ted/a2194b4ef5170bd9e9b086c5053e09cdf3545960_2880x1620.jpg', 'speaker': 'Al Gore', 'title': 'Averting the climate crisis', 'duration': 977, 'slug': 'al_gore_on_averting_climate_crisis', 'viewed_count': 3200554}, {'id': 411, 'hero': 'https://pe.tedcdn.com/images/ted/187_480x360.jpg', 'speaker': 'Larry Burns', 'title': 'The future of cars', 'duration': 552, 'slug': 'reinventing_the_car', 'viewed_count': 565020}, {'id': 2443, 'hero': 'https://pe.tedcdn.com/images/ted/2296dcfe9b63f0d79bd2505adeba08a27052d953_2880x1620.jpg', 'speaker': 'Travis Kalanick', 'title': ""Uber's plan to get more people into fewer cars"", 'duration': 1158, 'slug': 'travis_kalanick_uber_s_plan_to_get_more_people_into_fewer_cars', 'viewed_count': 1587447}, {'id': 1174, 'hero': 'https://pe.tedcdn.com/images/ted/229d850b073d6d8ba1f20ee937e88f51802a0a8d_800x600.jpg', 'speaker': 'Bill Ford', 'title': 'A future beyond traffic gridlock', 'duration': 1008, 'slug': 'bill_ford_a_future_beyond_traffic_gridlock', 'viewed_count': 800045}, {'id': 2291, 'hero': 'https://pe.tedcdn.com/images/ted/8a1523f43703309c29b372a29981afc7c5f2977b_2880x1620.jpg', 'speaker': 'Chris Urmson', 'title': 'How a driverless car sees the road', 'duration': 929, 'slug': 'chris_urmson_how_a_driverless_car_sees_the_road', 'viewed_count': 2042876}]",Green auto pioneer,"['alternative energy', 'business', 'cars', 'energy', 'global issues', 'green', 'infrastructure', 'technology']",A new ecosystem for electric cars,1139068,"Long Beach, California",33.78538945,-118.1580493
144,"In this prophetic 2003 talk -- just days before Dolly the sheep was stuffed -- biotech ethicist Gregory Stock looked forward to new, more meaningful (and controversial) technologies, like customizable babies, whose adoption might drive human evolution.",1071,TED2003,1044144000,19,Gregory Stock,Gregory Stock: To upgrade is human,1,1239670800,"[{'id': 23, 'name': 'Jaw-dropping', 'count': 38}, {'id': 22, 'name': 'Fascinating', 'count': 128}, {'id': 8, 'name': 'Informative', 'count': 87}, {'id': 24, 'name': 'Persuasive', 'count': 98}, {'id': 10, 'name': 'Inspiring', 'count': 131}, {'id': 11, 'name': 'Longwinded', 'count': 65}, {'id': 26, 'name': 'Obnoxious', 'count': 13}, {'id': 21, 'name': 'Unconvincing', 'count': 46}, {'id': 3, 'name': 'Courageous', 'count': 48}, {'id': 25, 'name': 'OK', 'count': 46}, {'id': 1, 'name': 'Beautiful', 'count': 24}, {'id': 2, 'name': 'Confusing', 'count': 17}, {'id': 9, 'name': 'Ingenious', 'count': 25}, {'id': 7, 'name': 'Funny', 'count': 0}]","[{'id': 463, 'hero': 'https://pe.tedcdn.com/images/ted/5ee3d58ad4d872a0ae350c2ec9f58d325dd95462_1600x1200.jpg', 'speaker': 'Juan Enriquez', 'title': 'The next species of human', 'duration': 1130, 'slug': 'juan_enriquez_shares_mindboggling_new_science', 'viewed_count': 2954579}, {'id': 227, 'hero': 'https://pe.tedcdn.com/images/ted/32772_480x360.jpg', 'speaker': 'Craig Venter', 'title': 'On the verge of creating synthetic life', 'duration': 954, 'slug': 'craig_venter_is_on_the_verge_of_creating_synthetic_life', 'viewed_count': 1004894}, {'id': 39, 'hero': 'https://pe.tedcdn.com/images/ted/71994797fda57ea0039fefb37e2f2ebe1adc00c6_2880x1620.jpg', 'speaker': 'Aubrey de Grey', 'title': 'A roadmap to end aging', 'duration': 1365, 'slug': 'aubrey_de_grey_says_we_can_avoid_aging', 'viewed_count': 3277764}, {'id': 2871, 'hero': 'https://pe.tedcdn.com/images/ted/a3fea45a86df894b308f87246fb42039a7906458_2880x1620.jpg', 'speaker': 'Jun Wang', 'title': 'How digital DNA could help you make better health choices', 'duration': 894, 'slug': 'jun_wang_how_digital_dna_could_help_you_make_better_health_choices', 'viewed_count': 527257}, {'id': 1131, 'hero': 'https://pe.tedcdn.com/images/ted/25f5beb74f39d8d9cc710103ee3e81b23c90b8a9_800x600.jpg', 'speaker': 'Harvey Fineberg', 'title': 'Are we ready for neo-evolution?', 'duration': 1041, 'slug': 'harvey_fineberg_are_we_ready_for_neo_evolution', 'viewed_count': 1021179}, {'id': 2800, 'hero': 'https://pe.tedcdn.com/images/ted/9414703afe03e50257e331ea4819356b3f08317d_2880x1620.jpg', 'speaker': 'Sharon Terry', 'title': ""Science didn't understand my kids' rare disease until I decided to study it"", 'duration': 902, 'slug': 'sharon_terry_science_didn_t_understand_my_kids_rare_disease_until_i_decided_to_study_it', 'viewed_count': 1015166}]","Author, thinker","['biology', 'biotech', 'children', 'evolution', 'genetics', 'science', 'technology']",To upgrade is human,497449,"Monterey, California",36.600256,-121.8946388
103,"JoAnn Kuchera-Morin demos the AlloSphere, a new way to see, hear and interpret scientific data. Dive into the brain, feel electron spin, hear the music of the elements ... and detect previously unseen patterns that could lead to new discoveries.",387,TED2009,1233792000,25,JoAnn Kuchera-Morin,JoAnn Kuchera-Morin: Stunning data visualization in the AlloSphere,1,1239757200,"[{'id': 21, 'name': 'Unconvincing', 'count': 161}, {'id': 25, 'name': 'OK', 'count': 78}, {'id': 23, 'name': 'Jaw-dropping', 'count': 192}, {'id': 9, 'name': 'Ingenious', 'count': 193}, {'id': 22, 'name': 'Fascinating', 'count': 267}, {'id': 2, 'name': 'Confusing', 'count': 69}, {'id': 1, 'name': 'Beautiful', 'count': 255}, {'id': 10, 'name': 'Inspiring', 'count': 128}, {'id': 26, 'name': 'Obnoxious', 'count': 45}, {'id': 8, 'name': 'Informative', 'count': 90}, {'id': 24, 'name': 'Persuasive', 'count': 17}, {'id': 11, 'name': 'Longwinded', 'count': 32}, {'id': 7, 'name': 'Funny', 'count': 4}, {'id': 3, 'name': 'Courageous', 'count': 11}]","[{'id': 92, 'hero': 'https://pe.tedcdn.com/images/ted/e80b905b26a61aba089bd928fc4c2bd4180e836e_2880x1620.jpg', 'speaker': 'Hans Rosling', 'title': ""The best stats you've ever seen"", 'duration': 1190, 'slug': 'hans_rosling_shows_the_best_stats_you_ve_ever_seen', 'viewed_count': 12005947}, {'id': 236, 'hero': 'https://pe.tedcdn.com/images/ted/35408_480x360.jpg', 'speaker': 'Christopher deCharms', 'title': 'A look inside the brain in real time', 'duration': 242, 'slug': 'christopher_decharms_scans_the_brain_in_real_time', 'viewed_count': 1485788}, {'id': 129, 'hero': 'https://pe.tedcdn.com/images/ted/5824aa5b8d490ed3863ee1f8c26731a6ebbfcefe_1600x1200.jpg', 'speaker': 'Blaise Agüera y Arcas', 'title': ""How PhotoSynth can connect the world's images"", 'duration': 450, 'slug': 'blaise_aguera_y_arcas_demos_photosynth', 'viewed_count': 4772607}, {'id': 2316, 'hero': 'https://pe.tedcdn.com/images/ted/b9f9609178a7d8d4ad2cc2eaffc345fe024f78b7_2880x1620.jpg', 'speaker': 'Jim Al-Khalili', 'title': 'How quantum biology might explain life’s biggest questions', 'duration': 969, 'slug': 'jim_al_khalili_how_quantum_biology_might_explain_life_s_biggest_questions', 'viewed_count': 1503840}, {'id': 1160, 'hero': 'https://pe.tedcdn.com/images/ted/5641574d15f0adf70194a6fe22fb7b0cc8d0c899_800x600.jpg', 'speaker': ""Aaron O'Connell"", 'title': 'Making sense of a visible quantum object', 'duration': 471, 'slug': 'aaron_o_connell_making_sense_of_a_visible_quantum_object', 'viewed_count': 1272192}, {'id': 98, 'hero': 'https://pe.tedcdn.com/images/ted/160_480x360.jpg', 'speaker': 'Richard Dawkins', 'title': 'Why the universe seems so strange', 'duration': 1316, 'slug': 'richard_dawkins_on_our_queer_universe', 'viewed_count': 2886013}]",Composer,"['art', 'math', 'science', 'technology', 'visualizations']",Stunning data visualization in the AlloSphere,630784,"Long Beach, California",33.78538945,-118.1580493
271,"From the EG conference: Productivity guru Tim Ferriss' fun, encouraging anecdotes show how one simple question -- ""What's the worst that could happen?"" -- is all you need to learn to do anything.",985,EG 2008,1228435200,27,Tim Ferriss,"Tim Ferriss: Smash fear, learn anything",1,1239795780,"[{'id': 26, 'name': 'Obnoxious', 'count': 208}, {'id': 10, 'name': 'Inspiring', 'count': 944}, {'id': 25, 'name': 'OK', 'count': 261}, {'id': 11, 'name': 'Longwinded', 'count': 145}, {'id': 24, 'name': 'Persuasive', 'count': 276}, {'id': 7, 'name': 'Funny', 'count': 127}, {'id': 1, 'name': 'Beautiful', 'count': 68}, {'id': 9, 'name': 'Ingenious', 'count': 143}, {'id': 8, 'name': 'Informative', 'count': 360}, {'id': 21, 'name': 'Unconvincing', 'count': 292}, {'id': 22, 'name': 'Fascinating', 'count': 290}, {'id': 2, 'name': 'Confusing', 'count': 94}, {'id': 3, 'name': 'Courageous', 'count': 281}, {'id': 23, 'name': 'Jaw-dropping', 'count': 77}]","[{'id': 2799, 'hero': 'https://pe.tedcdn.com/images/ted/2e4d3e963bafd5fdc6f34d5706ff58fd3b2e22c1_2880x1620.jpg', 'speaker': 'Tim Ferriss', 'title': 'Why you should define your fears instead of your goals', 'duration': 801, 'slug': 'tim_ferriss_why_you_should_define_your_fears_instead_of_your_goals', 'viewed_count': 3180601}, {'id': 271, 'hero': 'https://pe.tedcdn.com/images/ted/43651_480x360.jpg', 'speaker': 'Nathan Myhrvold', 'title': 'Archeology, animal photography, BBQ ...', 'duration': 1034, 'slug': 'nathan_myhrvold_on_archeology_animal_photography_bbq', 'viewed_count': 437137}, {'id': 96, 'hero': 'https://pe.tedcdn.com/images/ted/fe29046c9fa0f366a11c507d9daeabd8ed6cb4bd_2880x1620.jpg', 'speaker': 'Tony Robbins', 'title': 'Why we do what we do', 'duration': 1305, 'slug': 'tony_robbins_asks_why_we_do_what_we_do', 'viewed_count': 20685616}, {'id': 1336, 'hero': 'https://pe.tedcdn.com/images/ted/bba3ca818c4ab6937de100e8c818a0a1b4ecc9e5_800x600.jpg', 'speaker': 'Diana Nyad', 'title': ""Extreme swimming with the world's most dangerous jellyfish"", 'duration': 1017, 'slug': 'diana_nyad_extreme_swimming_with_the_world_s_most_dangerous_jellyfish', 'viewed_count': 611457}, {'id': 2332, 'hero': 'https://pe.tedcdn.com/images/ted/5023bc560bc149e7aad56c8dca0f47671b005699_2880x1620.jpg', 'speaker': 'Scott Dinsmore', 'title': 'How to find work you love', 'duration': 1067, 'slug': 'scott_dinsmore_how_to_find_work_you_love', 'viewed_count': 4810909}, {'id': 2612, 'hero': 'https://pe.tedcdn.com/images/ted/3c6d2a7440da87f3e1f6716c0a34c3365763d74a_2880x1620.jpg', 'speaker': 'Kelli Jean Drinkwater', 'title': 'Enough with the fear of fat', 'duration': 740, 'slug': 'kelli_jean_drinkwater_enough_with_the_fear_of_fat', 'viewed_count': 1593971}]","Investor, human guinea pig, author","['dance', 'fear', 'language', 'life', 'productivity', 'work']","Smash fear, learn anything",2771442,undefined,0,0
55,"In this talk from TED University 2009, veteran rock climber Matthew Childs shares nine pointers for rock climbing. These handy tips bear on an effective life at sea level, too.",288,TED2009,1233792000,33,Matthew Childs,Matthew Childs: 9 life lessons from rock climbing,1,1239930000,"[{'id': 8, 'name': 'Informative', 'count': 111}, {'id': 25, 'name': 'OK', 'count': 70}, {'id': 10, 'name': 'Inspiring', 'count': 188}, {'id': 24, 'name': 'Persuasive', 'count': 44}, {'id': 22, 'name': 'Fascinating', 'count': 43}, {'id': 1, 'name': 'Beautiful', 'count': 24}, {'id': 3, 'name': 'Courageous', 'count': 38}, {'id': 7, 'name': 'Funny', 'count': 28}, {'id': 21, 'name': 'Unconvincing', 'count': 16}, {'id': 23, 'name': 'Jaw-dropping', 'count': 15}, {'id': 9, 'name': 'Ingenious', 'count': 27}, {'id': 2, 'name': 'Confusing', 'count': 5}, {'id': 26, 'name': 'Obnoxious', 'count': 4}, {'id': 11, 'name': 'Longwinded', 'count': 0}]","[{'id': 502, 'hero': 'https://pe.tedcdn.com/images/ted/81446_800x600.jpg', 'speaker': 'Ueli Gegenschatz', 'title': 'Extreme wingsuit flying', 'duration': 733, 'slug': 'ueli_gegenschatz_extreme_wingsuit_jumping', 'viewed_count': 1442992}, {'id': 89, 'hero': 'https://pe.tedcdn.com/images/ted/172_480x360.jpg', 'speaker': 'Ben Saunders', 'title': 'Why did I ski to the North Pole?', 'duration': 1083, 'slug': 'ben_saunders_skis_to_the_north_pole', 'viewed_count': 745235}, {'id': 141, 'hero': 'https://pe.tedcdn.com/images/ted/cb75ec0e37f0a14dc0da2929ff640b0c5c4099ec_2880x1620.jpg', 'speaker': 'Bill Stone', 'title': ""I'm going to the moon. Who's with me?"", 'duration': 1063, 'slug': 'bill_stone_explores_the_earth_and_space', 'viewed_count': 1801130}, {'id': 791, 'hero': 'https://pe.tedcdn.com/images/ted/dc30b7d65e9c78a79831ae15e1c15b9f0f247533_2880x1620.jpg', 'speaker': 'Ken Kamler', 'title': 'Medical miracle on Everest', 'duration': 1249, 'slug': 'ken_kamler_medical_miracle_on_everest', 'viewed_count': 719236}, {'id': 195, 'hero': 'https://pe.tedcdn.com/images/ted/197_480x360.jpg', 'speaker': 'Robert Full', 'title': 'The sticky wonder of gecko feet', 'duration': 1164, 'slug': 'robert_full_on_animal_movement', 'viewed_count': 707527}, {'id': 402, 'hero': 'https://pe.tedcdn.com/images/ted/59184_800x600.jpg', 'speaker': 'Stewart Brand', 'title': 'The Long Now', 'duration': 1403, 'slug': 'stewart_brand_on_the_long_now', 'viewed_count': 242975}]","Marketer, rock climber","['adventure', 'entertainment', 'environment', 'nature']",9 life lessons from rock climbing,739690,"Long Beach, California",33.78538945,-118.1580493
113,"Margaret Wertheim leads a project to re-create the creatures of the coral reefs using a crochet technique invented by a mathematician -- celebrating the amazements of the reef, and deep-diving into the hyperbolic geometry underlying coral creation.",933,TED2009,1233878400,22,Margaret Wertheim,Margaret Wertheim: The beautiful math of coral,1,1240189200,"[{'id': 22, 'name': 'Fascinating', 'count': 443}, {'id': 1, 'name': 'Beautiful', 'count': 321}, {'id': 8, 'name': 'Informative', 'count': 247}, {'id': 23, 'name': 'Jaw-dropping', 'count': 133}, {'id': 10, 'name': 'Inspiring', 'count': 326}, {'id': 25, 'name': 'OK', 'count': 61}, {'id': 9, 'name': 'Ingenious', 'count': 273}, {'id': 24, 'name': 'Persuasive', 'count': 70}, {'id': 3, 'name': 'Courageous', 'count': 32}, {'id': 21, 'name': 'Unconvincing', 'count': 44}, {'id': 11, 'name': 'Longwinded', 'count': 39}, {'id': 26, 'name': 'Obnoxious', 'count': 38}, {'id': 7, 'name': 'Funny', 'count': 22}, {'id': 2, 'name': 'Confusing', 'count': 19}]","[{'id': 198, 'hero': 'https://pe.tedcdn.com/images/ted/a32770a0e2b36504bd93d484e9f5814fb08975b2_2880x1620.jpg', 'speaker': 'Ron Eglash', 'title': 'The fractals at the heart of African designs', 'duration': 1017, 'slug': 'ron_eglash_on_african_fractals', 'viewed_count': 1527862}, {'id': 371, 'hero': 'https://pe.tedcdn.com/images/ted/56101_480x360.jpg', 'speaker': 'Garrett Lisi', 'title': 'An 8-dimensional model of the universe', 'duration': 1286, 'slug': 'garrett_lisi_on_his_theory_of_everything', 'viewed_count': 1491700}, {'id': 206, 'hero': 'https://pe.tedcdn.com/images/ted/49306f30dbac9aa73e1e57aca532330b9532cd7f_1600x1200.jpg', 'speaker': 'David Gallo', 'title': 'Underwater astonishments', 'duration': 327, 'slug': 'david_gallo_shows_underwater_astonishments', 'viewed_count': 13926163}, {'id': 2518, 'hero': 'https://pe.tedcdn.com/images/ted/4d02262a103b0cb3723737ea154dd9f83ca37003_2880x1620.jpg', 'speaker': 'Cédric Villani', 'title': ""What's so sexy about math?"", 'duration': 983, 'slug': 'cedric_villani_what_s_so_sexy_about_math', 'viewed_count': 1624308}, {'id': 2823, 'hero': 'https://pe.tedcdn.com/images/ted/32af82114f9fda2f4401635060e2dc0a5f3fb553_2880x1620.jpg', 'speaker': 'Kristen Marhaver', 'title': 'Why I still have hope for coral reefs', 'duration': 434, 'slug': 'kristen_marhaver_why_i_still_have_hope_for_coral_reefs', 'viewed_count': 955633}, {'id': 2385, 'hero': 'https://pe.tedcdn.com/images/ted/227938cb400663b2cb85b8732f2d57922f29dee9_2880x1620.jpg', 'speaker': 'Kristen Marhaver', 'title': ""How we're growing baby corals to rebuild reefs"", 'duration': 826, 'slug': 'kristen_marhaver_how_we_re_growing_baby_corals_to_rebuild_reefs', 'viewed_count': 729200}]",Figurer,"['art', 'design', 'math', 'oceans', 'science', 'visualizations']",The beautiful math of coral,1280829,"Long Beach, California",33.78538945,-118.1580493
64,Design legend Niels Diffrient talks about his life in industrial design (and the reason he became a designer instead of a jet pilot). He details his quest to completely rethink the office chair starting from one fundamental data set: the human body.,1040,TED2002,1012608000,20,Niels Diffrient,Niels Diffrient: Rethinking the way we sit down,1,1240298160,"[{'id': 9, 'name': 'Ingenious', 'count': 137}, {'id': 11, 'name': 'Longwinded', 'count': 234}, {'id': 25, 'name': 'OK', 'count': 142}, {'id': 21, 'name': 'Unconvincing', 'count': 62}, {'id': 24, 'name': 'Persuasive', 'count': 35}, {'id': 10, 'name': 'Inspiring', 'count': 45}, {'id': 22, 'name': 'Fascinating', 'count': 49}, {'id': 1, 'name': 'Beautiful', 'count': 32}, {'id': 7, 'name': 'Funny', 'count': 34}, {'id': 8, 'name': 'Informative', 'count': 119}, {'id': 23, 'name': 'Jaw-dropping', 'count': 8}, {'id': 3, 'name': 'Courageous', 'count': 6}, {'id': 2, 'name': 'Confusing', 'count': 6}, {'id': 26, 'name': 'Obnoxious', 'count': 15}]","[{'id': 414, 'hero': 'https://pe.tedcdn.com/images/ted/61596_800x600.jpg', 'speaker': 'Eva Zeisel', 'title': 'The playful search for beauty', 'duration': 1089, 'slug': 'eva_zeisel_on_the_playful_search_for_beauty', 'viewed_count': 438973}, {'id': 503, 'hero': 'https://pe.tedcdn.com/images/ted/81668_800x600.jpg', 'speaker': 'Christopher C. Deam', 'title': 'The Airstream, restyled', 'duration': 381, 'slug': 'christopher_deam_restyles_the_airstream', 'viewed_count': 308276}, {'id': 43, 'hero': 'https://pe.tedcdn.com/images/ted/157_480x360.jpg', 'speaker': 'Paul Bennett', 'title': 'Design is in the details', 'duration': 850, 'slug': 'paul_bennett_finds_design_in_the_details', 'viewed_count': 761934}, {'id': 1260, 'hero': 'https://pe.tedcdn.com/images/ted/f9875448d96cf52c35156d85e983ff7f4df3ebdc_800x600.jpg', 'speaker': 'Anna Mracek Dietrich', 'title': 'A plane you can drive', 'duration': 578, 'slug': 'anna_mracek_dietrich_a_plane_you_can_drive', 'viewed_count': 924761}, {'id': 176, 'hero': 'https://pe.tedcdn.com/images/ted/0c046588ba1c2e2ed0a00ce494173e41fd00bc96_800x600.jpg', 'speaker': 'Paul MacCready', 'title': 'A flight on solar wings', 'duration': 1280, 'slug': 'paul_maccready_flies_on_solar_wings', 'viewed_count': 736291}, {'id': 723, 'hero': 'https://pe.tedcdn.com/images/ted/9cc607ade24a84b3ceb2a166a3765d45e41af353_2880x1620.jpg', 'speaker': 'Bertrand Piccard', 'title': 'My solar-powered adventure', 'duration': 1066, 'slug': 'bertrand_piccard_s_solar_powered_adventure', 'viewed_count': 778974}]",Designer,"['business', 'design', 'technology', 'work']",Rethinking the way we sit down,554650,"Monterey, California",36.600256,-121.8946388
33,"At TEDU 2009, Erik Hersman presents the remarkable story of Ushahidi, a GoogleMap mashup that allowed Kenyans to report and track violence via cell phone texts following the 2008 elections, and has evolved to continue saving lives in other countries.",236,TED2009,1233878400,32,Erik Hersman,Erik Hersman: Reporting crisis via texting,1,1240362000,"[{'id': 25, 'name': 'OK', 'count': 60}, {'id': 8, 'name': 'Informative', 'count': 96}, {'id': 9, 'name': 'Ingenious', 'count': 79}, {'id': 24, 'name': 'Persuasive', 'count': 28}, {'id': 22, 'name': 'Fascinating', 'count': 36}, {'id': 3, 'name': 'Courageous', 'count': 22}, {'id': 10, 'name': 'Inspiring', 'count': 44}, {'id': 2, 'name': 'Confusing', 'count': 7}, {'id': 21, 'name': 'Unconvincing', 'count': 17}, {'id': 23, 'name': 'Jaw-dropping', 'count': 7}, {'id': 1, 'name': 'Beautiful', 'count': 2}, {'id': 7, 'name': 'Funny', 'count': 0}, {'id': 11, 'name': 'Longwinded', 'count': 0}, {'id': 26, 'name': 'Obnoxious', 'count': 0}]","[{'id': 79, 'hero': 'https://pe.tedcdn.com/images/ted/152_480x360.jpg', 'speaker': 'Iqbal Quadir', 'title': 'How mobile phones can fight poverty', 'duration': 952, 'slug': 'iqbal_quadir_says_mobiles_fight_poverty', 'viewed_count': 503522}, {'id': 190, 'hero': 'https://pe.tedcdn.com/images/ted/18531_480x360.jpg', 'speaker': 'Jan Chipchase', 'title': 'The anthropology of mobile phones', 'duration': 963, 'slug': 'jan_chipchase_on_our_mobile_phones', 'viewed_count': 694385}, {'id': 403, 'hero': 'https://pe.tedcdn.com/images/ted/59229_800x600.jpg', 'speaker': 'Franco Sacchi', 'title': ""A tour of Nollywood, Nigeria's booming film industry"", 'duration': 1054, 'slug': 'franco_sacchi_on_nollywood', 'viewed_count': 223082}, {'id': 1770, 'hero': 'https://pe.tedcdn.com/images/ted/b2dc8e60a1f11d3138c4943b91756f2bb6703ff9_1600x1200.jpg', 'speaker': 'Juliana Rotich', 'title': 'Meet BRCK, Internet access built for Africa', 'duration': 573, 'slug': 'juliana_rotich_meet_brck_internet_access_built_for_africa', 'viewed_count': 630821}, {'id': 1944, 'hero': 'https://pe.tedcdn.com/images/ted/2337f7bee98c8eb6b5ef834bda5de156dfb4d749_1600x1200.jpg', 'speaker': 'Toby Shapshak', 'title': ""You don't need an app for that"", 'duration': 474, 'slug': 'toby_shapshak_you_don_t_need_an_app_for_that', 'viewed_count': 1474238}, {'id': 1518, 'hero': 'https://pe.tedcdn.com/images/ted/799e571b67577185b1896308767f4670c8494cfd_1600x1200.jpg', 'speaker': 'Malte Spitz', 'title': 'Your phone company is watching', 'duration': 596, 'slug': 'malte_spitz_your_phone_company_is_watching', 'viewed_count': 1618859}]",Technologist,"['Africa', 'activism', 'communication', 'disaster relief', 'global issues', 'technology']",Reporting crisis via texting,403555,"Long Beach, California",33.78538945,-118.1580493
238,"Nate Silver has data that answers big questions about race in politics. For instance, in the 2008 presidential race, did Obama's skin color actually keep him from getting votes in some parts of the country? Stats and myths collide in this fascinating talk that ends with a remarkable insight.",556,TED2009,1233964800,24,Nate Silver,Nate Silver: Does racism affect how you vote?,1,1240362000,"[{'id': 21, 'name': 'Unconvincing', 'count': 132}, {'id': 25, 'name': 'OK', 'count': 76}, {'id': 11, 'name': 'Longwinded', 'count': 19}, {'id': 8, 'name': 'Informative', 'count': 244}, {'id': 3, 'name': 'Courageous', 'count': 35}, {'id': 22, 'name': 'Fascinating', 'count': 82}, {'id': 24, 'name': 'Persuasive', 'count': 116}, {'id': 10, 'name': 'Inspiring', 'count': 23}, {'id': 9, 'name': 'Ingenious', 'count': 19}, {'id': 26, 'name': 'Obnoxious', 'count': 60}, {'id': 2, 'name': 'Confusing', 'count': 25}, {'id': 7, 'name': 'Funny', 'count': 5}, {'id': 1, 'name': 'Beautiful', 'count': 2}, {'id': 23, 'name': 'Jaw-dropping', 'count': 3}]","[{'id': 67, 'hero': 'https://pe.tedcdn.com/images/ted/159_480x360.jpg', 'speaker': 'Peter Donnelly', 'title': 'How juries are fooled by statistics', 'duration': 1280, 'slug': 'peter_donnelly_shows_how_stats_fool_juries', 'viewed_count': 1053764}, {'id': 29, 'hero': 'https://pe.tedcdn.com/images/ted/d0690bb3573f5127b79ff97e33bedade25158e9a_1600x1200.jpg', 'speaker': 'Steven Levitt', 'title': 'The freakonomics of crack dealing', 'duration': 1275, 'slug': 'steven_levitt_analyzes_crack_economics', 'viewed_count': 2863229}, {'id': 143, 'hero': 'https://pe.tedcdn.com/images/ted/e58b968c458adc84ee220376f1e5eb1e1d6c55e9_2880x1620.jpg', 'speaker': 'Emily Oster', 'title': 'Flip your thinking on AIDS in Africa', 'duration': 934, 'slug': 'emily_oster_flips_our_thinking_on_aids_in_africa', 'viewed_count': 854972}, {'id': 2691, 'hero': 'https://pe.tedcdn.com/images/ted/affb49391e46ad96c3ad2a9f19cf4b8eb1493689_2880x1620.jpg', 'speaker': 'Brittney Cooper', 'title': 'The racial politics of time', 'duration': 749, 'slug': 'brittney_cooper_the_racial_politics_of_time', 'viewed_count': 690461}, {'id': 2587, 'hero': 'https://pe.tedcdn.com/images/ted/6d96232f061ec330d0be2b61fbd64db418625e4a_2880x1620.jpg', 'speaker': 'Eric Liu', 'title': ""There's no such thing as not voting"", 'duration': 813, 'slug': 'eric_liu_there_s_no_such_thing_as_not_voting', 'viewed_count': 793052}, {'id': 2726, 'hero': 'https://pe.tedcdn.com/images/ted/d662b07a1534e5aeef995fc4d97a561a1f21a52b_2880x1620.jpg', 'speaker': 'David R. Williams', 'title': 'How racism makes us sick', 'duration': 1047, 'slug': 'david_r_williams_how_racism_makes_us_sick', 'viewed_count': 1004865}]",Statistician,"['cities', 'politics', 'race', 'statistics', 'urban planning']",Does racism affect how you vote?,427878,"Long Beach, California",33.78538945,-118.1580493